1	1.wav
2	2.wav
3	3.wav
4	4.wav
5	5.wav
6	6.wav
7	7.wav
8	8.wav
9	9.wav
0	0.wav
a	A.wav
b	B.wav
c	C.wav
d	D.wav
e	E.wav
f	F.wav
g	G.wav
h	H.wav
i	I.wav
j	J.wav
k	K.wav
l	L.wav
m	M.wav
n	N.wav
o	O.wav
p	P.wav
q	Q.wav
r	R.wav
s	S.wav
t	T.wav
u	U.wav
v	V.wav
w	W.wav
x	X.wav
y	Y.wav
z	Z.wav
and	and.wav
arrival	arrival.wav
arrivalrunway	arrivalrunway.wav
atis	N/A
avalon	avalon.wav
avaloncontrol	avln_ctr.wav
avalonspecialoperations	avalon_special_operations.wav
automatic	automatic.wav
cavok	CAVOK.wav
control	control.wav
degrees	degrees.wav
departure	departure.wav
departurerunway	departurerunway.wav
dep	departure.wav
dewpoint	dewpoint.wav
egab	EGAB.wav
egai	EGAI.wav
egan	EGAN.wav
artn 	ARTN.wav
avys 	AVYS.wav
ldua 	LDUA.wav
eicb 	EICB.wav
eglh 	EGLH.wav
egop	EGOP.wav
lisa 	LISA.wav
amgh 	AMGH.wav
lbya 	LBYA.wav
lfvi	LFVI.wav
liea 	LIEA.wav
ehga 	EHGA.wav
edsa 	EDSA.wav
licr 	LICR.wav
lpaa 	LPAA.wav
lppm 	LPPM.wav
lgpl 	LGPL.wav
lghe	LGHE.wav
lghe_c	LGHE_C.wav
fl	flight_level.wav
flightlevel	flight_level.wav
info	Information.wav
knots	knots.wav
left	left.wav
level	N/A
lghe	LGHE.wav
lfvi	LFVI.wav
majorairportinfo	major_airport_info.wav
minus	minus.wav
none	none.wav
onfirstcontact	on_first_contact.wav
pilotsareremindedto	pilot_reminded_to.wav
qnh	QNH.wav
report	report.wav
right	right.wav
rwy	runway.wav
rwyinuse	runway_in_use.wav
special	special.wav
stand	stand.wav
surfacewinds	Surface_wind.wav
temperature	temperature.wav
test	test.wav
thisis	This_is.wav
time	Time.wav
topdowncontrol	tdc.wav
transition	N/A
transitionlevel	transition_level.wav
with	with.wav
